{
  "feature_names": [
    "MedInc",
    "HouseAge",
    "AveRooms",
    "AveBedrms",
    "Population",
    "AveOccup",
    "Latitude",
    "Longitude"
  ],
  "scaler_mean": [
    3.878314121447028,
    28.595994832041345,
    5.43559839248348,
    1.096881162519021,
    1427.4972868217055,
    3.106659683279882,
    35.64671963824289,
    -119.5837357881137
  ],
  "scaler_scale": [
    1.9037265780618107,
    12.610922196081944,
    2.421572191056668,
    0.4387896355768132,
    1142.8939445973497,
    11.95544802309071,
    2.133880668389636,
    2.0023769734710717
  ]
}